<?xml version="1.0" encoding="UTF-8" ?>
<!DOCTYPE mapper PUBLIC "-//mybatis.org//DTD Mapper 3.0//EN" "http://mybatis.org/dtd/mybatis-3-mapper.dtd" >
<mapper namespace="com.dzqc.cloud.dao.ConsultationMapper" >
  <resultMap id="BaseResultMap" type="com.dzqc.cloud.entity.Consultation" >
    <constructor >
      <idArg column="id" jdbcType="INTEGER" javaType="java.lang.Integer" />
      <arg column="username" jdbcType="VARCHAR" javaType="java.lang.String" />
      <arg column="gender" jdbcType="VARCHAR" javaType="java.lang.String" />
      <arg column="symptom" jdbcType="VARCHAR" javaType="java.lang.String" />
      <arg column="drugsused" jdbcType="VARCHAR" javaType="java.lang.String" />
      <arg column="demand" jdbcType="VARCHAR" javaType="java.lang.String" />
      <arg column="feedback" jdbcType="VARCHAR" javaType="java.lang.String" />
      <arg column="emp_id" jdbcType="INTEGER" javaType="java.lang.Integer" />
      <arg column="create_time" jdbcType="TIMESTAMP" javaType="java.util.Date" />
      <arg column="update_time" jdbcType="TIMESTAMP" javaType="java.util.Date" />
      <arg column="del_flag" jdbcType="INTEGER" javaType="java.lang.Integer" />
    </constructor>
  </resultMap>
  <sql id="Base_Column_List" >
    id, username, gender, symptom, drugsused, demand, feedback, emp_id, create_time, 
    update_time, del_flag
  </sql>
  <!--查询所有病人 分页查询-->
  <select id="selectByAll" resultMap="BaseResultMap">
    select e.id, e.username, gender, symptom, drugsused,
    demand, feedback, emp_id, e.create_time, e.update_time,e.del_flag
    from consultation e, empinfo t
    where e.emp_id = t.id and del_flag = 0
  </select>
  <!--根据id查询病人详情-->
  <select id="selectByPrimaryKey" resultMap="BaseResultMap" parameterType="java.lang.Integer" >
    select 
    <include refid="Base_Column_List" />
    from consultation
    where id = #{id,jdbcType=INTEGER}
  </select>
  <delete id="deleteByPrimaryKey" parameterType="java.lang.Integer" >
    delete from consultation
    where id = #{id,jdbcType=INTEGER}
  </delete>
  <insert id="insert" parameterType="com.dzqc.cloud.entity.Consultation" >
    insert into consultation (id, username, gender, 
      symptom, drugsused, demand, 
      feedback, emp_id, create_time, 
      update_time, del_flag)
    values (#{id,jdbcType=INTEGER}, #{username,jdbcType=VARCHAR}, #{gender,jdbcType=VARCHAR}, 
      #{symptom,jdbcType=VARCHAR}, #{drugsused,jdbcType=VARCHAR}, #{demand,jdbcType=VARCHAR}, 
      #{feedback,jdbcType=VARCHAR}, #{empId,jdbcType=INTEGER}, #{createTime,jdbcType=TIMESTAMP}, 
      #{updateTime,jdbcType=TIMESTAMP}, #{delFlag,jdbcType=INTEGER})
  </insert>
  <insert id="insertSelective" parameterType="com.dzqc.cloud.entity.Consultation" >
    insert into consultation
    <trim prefix="(" suffix=")" suffixOverrides="," >
      <if test="id != null" >
        id,
      </if>
      <if test="username != null" >
        username,
      </if>
      <if test="gender != null" >
        gender,
      </if>
      <if test="symptom != null" >
        symptom,
      </if>
      <if test="drugsused != null" >
        drugsused,
      </if>
      <if test="demand != null" >
        demand,
      </if>
      <if test="feedback != null" >
        feedback,
      </if>
      <if test="empId != null" >
        emp_id,
      </if>
      <if test="createTime != null" >
        create_time,
      </if>
      <if test="updateTime != null" >
        update_time,
      </if>
      <if test="delFlag != null" >
        del_flag,
      </if>
    </trim>
    <trim prefix="values (" suffix=")" suffixOverrides="," >
      <if test="id != null" >
        #{id,jdbcType=INTEGER},
      </if>
      <if test="username != null" >
        #{username,jdbcType=VARCHAR},
      </if>
      <if test="gender != null" >
        #{gender,jdbcType=VARCHAR},
      </if>
      <if test="symptom != null" >
        #{symptom,jdbcType=VARCHAR},
      </if>
      <if test="drugsused != null" >
        #{drugsused,jdbcType=VARCHAR},
      </if>
      <if test="demand != null" >
        #{demand,jdbcType=VARCHAR},
      </if>
      <if test="feedback != null" >
        #{feedback,jdbcType=VARCHAR},
      </if>
      <if test="empId != null" >
        #{empId,jdbcType=INTEGER},
      </if>
      <if test="createTime != null" >
        #{createTime,jdbcType=TIMESTAMP},
      </if>
      <if test="updateTime != null" >
        #{updateTime,jdbcType=TIMESTAMP},
      </if>
      <if test="delFlag != null" >
        #{delFlag,jdbcType=INTEGER},
      </if>
    </trim>
  </insert>
  <update id="updateByPrimaryKeySelective" parameterType="com.dzqc.cloud.entity.Consultation" >
    update consultation
    <set >
      <if test="username != null" >
        username = #{username,jdbcType=VARCHAR},
      </if>
      <if test="gender != null" >
        gender = #{gender,jdbcType=VARCHAR},
      </if>
      <if test="symptom != null" >
        symptom = #{symptom,jdbcType=VARCHAR},
      </if>
      <if test="drugsused != null" >
        drugsused = #{drugsused,jdbcType=VARCHAR},
      </if>
      <if test="demand != null" >
        demand = #{demand,jdbcType=VARCHAR},
      </if>
      <if test="feedback != null" >
        feedback = #{feedback,jdbcType=VARCHAR},
      </if>
      <if test="empId != null" >
        emp_id = #{empId,jdbcType=INTEGER},
      </if>
      <if test="createTime != null" >
        create_time = #{createTime,jdbcType=TIMESTAMP},
      </if>
      <if test="updateTime != null" >
        update_time = #{updateTime,jdbcType=TIMESTAMP},
      </if>
      <if test="delFlag != null" >
        del_flag = #{delFlag,jdbcType=INTEGER},
      </if>
    </set>
    where id = #{id,jdbcType=INTEGER}
  </update>
  <update id="updateByPrimaryKey" parameterType="com.dzqc.cloud.entity.Consultation" >
    update consultation
    set username = #{username,jdbcType=VARCHAR},
      gender = #{gender,jdbcType=VARCHAR},
      symptom = #{symptom,jdbcType=VARCHAR},
      drugsused = #{drugsused,jdbcType=VARCHAR},
      demand = #{demand,jdbcType=VARCHAR},
      feedback = #{feedback,jdbcType=VARCHAR},
      emp_id = #{empId,jdbcType=INTEGER},
      create_time = #{createTime,jdbcType=TIMESTAMP},
      update_time = #{updateTime,jdbcType=TIMESTAMP},
      del_flag = #{delFlag,jdbcType=INTEGER}
    where id = #{id,jdbcType=INTEGER}
  </update>
</mapper>