<?xml version="1.0" encoding="UTF-8"?>
<!DOCTYPE mapper PUBLIC "-//mybatis.org//DTD Mapper 3.0//EN" "http://mybatis.org/dtd/mybatis-3-mapper.dtd">
<mapper namespace="com.dzqc.cloud.dao.DepartmentinfoMapper">
  <resultMap id="BaseResultMap" type="com.dzqc.cloud.entity.Departmentinfo">
    <constructor>
      <idArg column="id" javaType="java.lang.Integer" jdbcType="INTEGER" />
      <arg column="departmentname" javaType="java.lang.String" jdbcType="VARCHAR" />
      <arg column="institution_id" javaType="java.lang.Integer" jdbcType="INTEGER" />
    </constructor>
  </resultMap>
  <sql id="Base_Column_List">
    id, departmentname, institution_id
  </sql>
  <select id="selectByPrimaryKey" parameterType="java.lang.Integer" resultMap="BaseResultMap">
    select 
    <include refid="Base_Column_List" />
    from departmentinfo
    where id = #{id,jdbcType=INTEGER}
  </select>

  <select id="selectAll" resultMap="BaseResultMap">
     select <include refid="Base_Column_List"/> from departmentinfo
  </select>

  <delete id="deleteByPrimaryKey" parameterType="java.lang.Integer">
    delete from departmentinfo
    where id = #{id,jdbcType=INTEGER}
  </delete>
  <insert id="insert" parameterType="com.dzqc.cloud.entity.Departmentinfo">
    insert into departmentinfo (id, departmentname, institution_id
      )
    values (#{id,jdbcType=INTEGER}, #{departmentname,jdbcType=VARCHAR}, #{institutionId,jdbcType=INTEGER}
      )
  </insert>
  <insert id="insertSelective" parameterType="com.dzqc.cloud.entity.Departmentinfo">
    insert into departmentinfo
    <trim prefix="(" suffix=")" suffixOverrides=",">
      <if test="id != null">
        id,
      </if>
      <if test="departmentname != null">
        departmentname,
      </if>
      <if test="institutionId != null">
        institution_id,
      </if>
    </trim>
    <trim prefix="values (" suffix=")" suffixOverrides=",">
      <if test="id != null">
        #{id,jdbcType=INTEGER},
      </if>
      <if test="departmentname != null">
        #{departmentname,jdbcType=VARCHAR},
      </if>
      <if test="institutionId != null">
        #{institutionId,jdbcType=INTEGER},
      </if>
    </trim>
  </insert>
  <update id="updateByPrimaryKeySelective" parameterType="com.dzqc.cloud.entity.Departmentinfo">
    update departmentinfo
    <set>
      <if test="departmentname != null">
        departmentname = #{departmentname,jdbcType=VARCHAR},
      </if>
      <if test="institutionId != null">
        institution_id = #{institutionId,jdbcType=INTEGER},
      </if>
    </set>
    where id = #{id,jdbcType=INTEGER}
  </update>
  <update id="updateByPrimaryKey" parameterType="com.dzqc.cloud.entity.Departmentinfo">
    update departmentinfo
    set departmentname = #{departmentname,jdbcType=VARCHAR},
      institution_id = #{institutionId,jdbcType=INTEGER}
    where id = #{id,jdbcType=INTEGER}
  </update>
</mapper>