<?xml version="1.0" encoding="UTF-8"?>
<!DOCTYPE mapper PUBLIC "-//mybatis.org//DTD Mapper 3.0//EN" "http://mybatis.org/dtd/mybatis-3-mapper.dtd">
<mapper namespace="com.dzqc.cloud.dao.EmpinfoMapper">
  <resultMap id="BaseResultMap" type="com.dzqc.cloud.entity.Empinfo">
    <constructor>
      <idArg column="id" javaType="java.lang.Integer" jdbcType="INTEGER" />
      <arg column="username" javaType="java.lang.String" jdbcType="VARCHAR" />
      <arg column="password" javaType="java.lang.String" jdbcType="VARCHAR" />
      <arg column="birthday" javaType="java.util.Date" jdbcType="TIMESTAMP" />
      <arg column="phone" javaType="java.lang.String" jdbcType="VARCHAR" />
      <arg column="office" javaType="java.lang.String" jdbcType="VARCHAR" />
      <arg column="role_id" javaType="java.lang.Integer" jdbcType="INTEGER" />
      <arg column="dep_id" javaType="java.lang.Integer" jdbcType="INTEGER" />
      <arg column="title_id" javaType="java.lang.Integer" jdbcType="INTEGER" />
      <arg column="comment" javaType="java.lang.String" jdbcType="VARCHAR" />
      <arg column="headimg" javaType="java.lang.String" jdbcType="VARCHAR" />
      <arg column="hospital" javaType="java.lang.String" jdbcType="VARCHAR" />
      <arg column="state" javaType="java.lang.Integer" jdbcType="INTEGER" />
    </constructor>
  </resultMap>
  <sql id="Base_Column_List">
    e.id as id, username, password, birthday, phone, office, role_id, dep_id, title_id, comment,
    headimg, hospital, state
  </sql>

  <!--根据部门编号查询对应的医生信息-->
  <select id="selectByDid" resultMap="BaseResultMap">
    select <include refid="Base_Column_List"/>
    from empinfo e join titleinfo  t on e.title_id=t.id where t.titlename='医生' and e.dep_id=#{did} and state=1
  </select>

  <select id="selectAll" resultMap="BaseResultMap">
    select <include refid="Base_Column_List"/>
    from empinfo e where state=1
  </select>

  <select id="selectByPhone" resultMap="BaseResultMap">
    select <include refid="Base_Column_List"/>
    from empinfo e where e.phone=#{phone} and state=1
  </select>

  <select id="selectByPrimaryKey" parameterType="java.lang.Integer" resultMap="BaseResultMap">
    select 
    <include refid="Base_Column_List" />
    from empinfo e
    where e.id = #{id,jdbcType=INTEGER}
  </select>
  <delete id="deleteByPrimaryKey" parameterType="java.lang.Integer">
    delete from empinfo
    where id = #{id,jdbcType=INTEGER}
  </delete>
  <insert id="insert" parameterType="com.dzqc.cloud.entity.Empinfo">
    insert into empinfo (id, username, password, 
      birthday, phone, office, 
      role_id, dep_id, title_id, 
      comment, headimg, hospital, 
      state)
    values (#{id,jdbcType=INTEGER}, #{username,jdbcType=VARCHAR}, #{password,jdbcType=VARCHAR}, 
      #{birthday,jdbcType=TIMESTAMP}, #{phone,jdbcType=VARCHAR}, #{office,jdbcType=VARCHAR}, 
      #{roleId,jdbcType=INTEGER}, #{depId,jdbcType=INTEGER}, #{titleId,jdbcType=INTEGER}, 
      #{comment,jdbcType=VARCHAR}, #{headimg,jdbcType=VARCHAR}, #{hospital,jdbcType=VARCHAR}, 
      #{state,jdbcType=INTEGER})
  </insert>
  <insert id="insertSelective" parameterType="com.dzqc.cloud.entity.Empinfo">
    insert into empinfo
    <trim prefix="(" suffix=")" suffixOverrides=",">
      <if test="id != null">
        id,
      </if>
      <if test="username != null">
        username,
      </if>
      <if test="password != null">
        password,
      </if>
      <if test="birthday != null">
        birthday,
      </if>
      <if test="phone != null">
        phone,
      </if>
      <if test="office != null">
        office,
      </if>
      <if test="roleId != null">
        role_id,
      </if>
      <if test="depId != null">
        dep_id,
      </if>
      <if test="titleId != null">
        title_id,
      </if>
      <if test="comment != null">
        comment,
      </if>
      <if test="headimg != null">
        headimg,
      </if>
      <if test="hospital != null">
        hospital,
      </if>
      <if test="state != null">
        state,
      </if>
    </trim>
    <trim prefix="values (" suffix=")" suffixOverrides=",">
      <if test="id != null">
        #{id,jdbcType=INTEGER},
      </if>
      <if test="username != null">
        #{username,jdbcType=VARCHAR},
      </if>
      <if test="password != null">
        #{password,jdbcType=VARCHAR},
      </if>
      <if test="birthday != null">
        #{birthday,jdbcType=TIMESTAMP},
      </if>
      <if test="phone != null">
        #{phone,jdbcType=VARCHAR},
      </if>
      <if test="office != null">
        #{office,jdbcType=VARCHAR},
      </if>
      <if test="roleId != null">
        #{roleId,jdbcType=INTEGER},
      </if>
      <if test="depId != null">
        #{depId,jdbcType=INTEGER},
      </if>
      <if test="titleId != null">
        #{titleId,jdbcType=INTEGER},
      </if>
      <if test="comment != null">
        #{comment,jdbcType=VARCHAR},
      </if>
      <if test="headimg != null">
        #{headimg,jdbcType=VARCHAR},
      </if>
      <if test="hospital != null">
        #{hospital,jdbcType=VARCHAR},
      </if>
      <if test="state != null">
        #{state,jdbcType=INTEGER},
      </if>
    </trim>
  </insert>
  <update id="updateByPrimaryKeySelective" parameterType="com.dzqc.cloud.entity.Empinfo">
    update empinfo
    <set>
      <if test="username != null">
        username = #{username,jdbcType=VARCHAR},
      </if>
      <if test="password != null">
        password = #{password,jdbcType=VARCHAR},
      </if>
      <if test="birthday != null">
        birthday = #{birthday,jdbcType=TIMESTAMP},
      </if>
      <if test="phone != null">
        phone = #{phone,jdbcType=VARCHAR},
      </if>
      <if test="office != null">
        office = #{office,jdbcType=VARCHAR},
      </if>
      <if test="roleId != null">
        role_id = #{roleId,jdbcType=INTEGER},
      </if>
      <if test="depId != null">
        dep_id = #{depId,jdbcType=INTEGER},
      </if>
      <if test="titleId != null">
        title_id = #{titleId,jdbcType=INTEGER},
      </if>
      <if test="comment != null">
        comment = #{comment,jdbcType=VARCHAR},
      </if>
      <if test="headimg != null">
        headimg = #{headimg,jdbcType=VARCHAR},
      </if>
      <if test="hospital != null">
        hospital = #{hospital,jdbcType=VARCHAR},
      </if>
      <if test="state != null">
        state = #{state,jdbcType=INTEGER},
      </if>
    </set>
    where id = #{id,jdbcType=INTEGER}
  </update>
  <update id="updateByPrimaryKey" parameterType="com.dzqc.cloud.entity.Empinfo">
    update empinfo
    set username = #{username,jdbcType=VARCHAR},
      password = #{password,jdbcType=VARCHAR},
      birthday = #{birthday,jdbcType=TIMESTAMP},
      phone = #{phone,jdbcType=VARCHAR},
      office = #{office,jdbcType=VARCHAR},
      role_id = #{roleId,jdbcType=INTEGER},
      dep_id = #{depId,jdbcType=INTEGER},
      title_id = #{titleId,jdbcType=INTEGER},
      comment = #{comment,jdbcType=VARCHAR},
      headimg = #{headimg,jdbcType=VARCHAR},
      hospital = #{hospital,jdbcType=VARCHAR},
      state = #{state,jdbcType=INTEGER}
    where id = #{id,jdbcType=INTEGER}
  </update>
</mapper>