<?xml version="1.0" encoding="UTF-8" ?>
<!DOCTYPE mapper PUBLIC "-//mybatis.org//DTD Mapper 3.0//EN" "http://mybatis.org/dtd/mybatis-3-mapper.dtd" >
<mapper namespace="com.dzqc.cloud.dao.PrescriptionMapper" >
  <resultMap id="BaseResultMap" type="com.dzqc.cloud.entity.Prescription" >
    <constructor >
      <idArg column="id" jdbcType="INTEGER" javaType="java.lang.Integer" />
      <arg column="userid" jdbcType="INTEGER" javaType="java.lang.Integer" />
      <arg column="recordid" jdbcType="INTEGER" javaType="java.lang.Integer" />
      <arg column="medicine" jdbcType="VARCHAR" javaType="java.lang.String" />
      <arg column="description" jdbcType="VARCHAR" javaType="java.lang.String" />
    </constructor>
  </resultMap>
  <sql id="Base_Column_List" >
    id, userid, recordid, medicine, description
  </sql>
  <!--根据手机号查询用户信息-->
  <select id="selectByRecordID" resultMap="BaseResultMap">
    select <include refid="Base_Column_List"></include> from prescription where recordid = #{rid}
  </select>

  <select id="selectByPrimaryKey" resultMap="BaseResultMap" parameterType="java.lang.Integer" >
    select 
    <include refid="Base_Column_List" />
    from prescription
    where id = #{id,jdbcType=INTEGER}
  </select>
  <delete id="deleteByPrimaryKey" parameterType="java.lang.Integer" >
    delete from prescription
    where id = #{id,jdbcType=INTEGER}
  </delete>
  <insert id="insert" parameterType="com.dzqc.cloud.entity.Prescription" >
    insert into prescription (id, userid, recordid, medicine, description)
    values (#{id,jdbcType=INTEGER}, #{userid,jdbcType=INTEGER}, #{recordid,jdbcType=INTEGER},
      #{medicine,jdbcType=VARCHAR}, #{description,jdbcType=VARCHAR})
  </insert>
  <insert id="insertSelective" parameterType="com.dzqc.cloud.entity.Prescription" >
    insert into prescription
    <trim prefix="(" suffix=")" suffixOverrides="," >
      <if test="id != null" >
        id,
      </if>
      <if test="userid != null" >
        userid,
      </if>
      <if test="recordid != null" >
        recordid,
      </if>
      <if test="medicine != null" >
        medicine,
      </if>
      <if test="description != null" >
        description,
      </if>
    </trim>
    <trim prefix="values (" suffix=")" suffixOverrides="," >
      <if test="id != null" >
        #{id,jdbcType=INTEGER},
      </if>
      <if test="userid != null" >
        #{userid,jdbcType=INTEGER},
      </if>
      <if test="recordid != null" >
        #{recordid,jdbcType=INTEGER},
      </if>
      <if test="medicine != null" >
        #{medicine,jdbcType=VARCHAR},
      </if>
      <if test="description != null" >
        #{description,jdbcType=VARCHAR},
      </if>
    </trim>
  </insert>
  <update id="updateByPrimaryKeySelective" parameterType="com.dzqc.cloud.entity.Prescription" >
    update prescription
    <set >
      <if test="userid != null" >
        userid = #{userid,jdbcType=INTEGER},
      </if>
      <if test="recordid != null" >
        recordid = #{recordid,jdbcType=INTEGER},
      </if>
      <if test="medicine != null" >
        medicine = #{medicine,jdbcType=VARCHAR},
      </if>
      <if test="description != null" >
        description = #{description,jdbcType=VARCHAR},
      </if>
    </set>
    where id = #{id,jdbcType=INTEGER}
  </update>
  <update id="updateByPrimaryKey" parameterType="com.dzqc.cloud.entity.Prescription" >
    update prescription
    set userid = #{userid,jdbcType=INTEGER},
      recordid = #{recordid,jdbcType=INTEGER},
      medicine = #{medicine,jdbcType=VARCHAR},
      description = #{description,jdbcType=VARCHAR}
    where id = #{id,jdbcType=INTEGER}
  </update>
</mapper>