<?xml version="1.0" encoding="UTF-8"?>
<!DOCTYPE mapper PUBLIC "-//mybatis.org//DTD Mapper 3.0//EN" "http://mybatis.org/dtd/mybatis-3-mapper.dtd">
<mapper namespace="com.dzqc.cloud.dao.SeesionListMapper">
  <resultMap id="BaseResultMap" type="com.dzqc.cloud.entity.SessionList">
    <id column="id" jdbcType="INTEGER" property="id" />
    <result column="user_id" jdbcType="INTEGER" property="userId" />
    <result column="to_user_id" jdbcType="INTEGER" property="toUserId" />
    <result column="list_name" jdbcType="VARCHAR" property="listName" />
    <result column="un_read_count" jdbcType="INTEGER" property="unReadCount" />
  </resultMap>
  <sql id="Base_Column_List">
    id, user_id,to_user_id, list_name, un_read_count
  </sql>
  <select id="selectByPrimaryKey" parameterType="java.lang.Integer" resultMap="BaseResultMap">
    select 
    <include refid="Base_Column_List" />
    from session_list
    where id = #{id,jdbcType=INTEGER}
  </select>
  <delete id="deleteByPrimaryKey" parameterType="java.lang.Integer">
    delete from session_list
    where id = #{id,jdbcType=INTEGER}
  </delete>
  <insert id="insert" parameterType="com.dzqc.cloud.entity.SessionList">
    insert into session_list (id, user_id, to_user_id,list_name,
      un_read_count)
    values (#{id,jdbcType=INTEGER}, #{userId,jdbcType=INTEGER}, #{toUserId,jdbcType=INTEGER}, #{listName,jdbcType=VARCHAR},
      #{unReadCount,jdbcType=INTEGER})
  </insert>
  <insert id="insertSelective" parameterType="com.dzqc.cloud.entity.SessionList">
    insert into session_list
    <trim prefix="(" suffix=")" suffixOverrides=",">
      <if test="id != null">
        id,
      </if>
      <if test="userId != null">
        user_id,
      </if>
      <if test="toUserId != null">
        to_user_id,
      </if>
      <if test="listName != null">
        list_name,
      </if>
      <if test="unReadCount != null">
        un_read_count,
      </if>
    </trim>
    <trim prefix="values (" suffix=")" suffixOverrides=",">
      <if test="id != null">
        #{id,jdbcType=INTEGER},
      </if>
      <if test="userId != null">
        #{userId,jdbcType=INTEGER},
      </if>
      <if test="toUserId != null">
        #{toUserId,jdbcType=INTEGER},
      </if>
      <if test="listName != null">
        #{listName,jdbcType=VARCHAR},
      </if>
      <if test="unReadCount != null">
        #{unReadCount,jdbcType=INTEGER},
      </if>
    </trim>
  </insert>
  <update id="updateByPrimaryKeySelective" parameterType="com.dzqc.cloud.entity.SessionList">
    update session_list
    <set>
      <if test="userId != null">
        user_id = #{userId,jdbcType=INTEGER},
      </if>
      <if test="toUserId != null">
        to_user_id = #{toUserId,jdbcType=INTEGER},
      </if>
      <if test="listName != null">
        list_name = #{listName,jdbcType=VARCHAR},
      </if>
      <if test="unReadCount != null">
        un_read_count = #{unReadCount,jdbcType=INTEGER},
      </if>
    </set>
    where id = #{id,jdbcType=INTEGER}
  </update>
  <update id="updateByPrimaryKey" parameterType="com.dzqc.cloud.entity.SessionList">
    update session_list
    set user_id = #{userId,jdbcType=INTEGER},
      to_user_id = #{toUserId,jdbcType=INTEGER},
      list_name = #{listName,jdbcType=VARCHAR},
      un_read_count = #{unReadCount,jdbcType=INTEGER}
    where id = #{id,jdbcType=INTEGER}
  </update>

  <select id="selectUserIdByUserId" resultType="java.lang.Integer">
    SELECT to_user_id FROM session_list WHERE user_id = #{id}
  </select>

  <select id="selectByUserId" resultMap="BaseResultMap">
    SELECT * FROM session_list WHERE user_id = #{id}
  </select>

  <select id="selectIdByUser" resultType="java.lang.Integer">
    SELECT id FROM session_list WHERE user_id = #{fromId} AND to_user_id = #{toId}
  </select>

  <select id="select" resultMap="BaseResultMap">
    SELECT * FROM session_list
    <trim prefix="WHERE" suffixOverrides="AND">
      <if test="id != null">
        id = #{id,jdbcType=INTEGER},
      </if>
      <if test="userId != null">
        user_id = #{userId,jdbcType=INTEGER},
      </if>
      <if test="toUserId != null">
        to_user_id = #{toUserId,jdbcType=INTEGER},
      </if>
      <if test="listName != null">
        list_name = #{listName,jdbcType=VARCHAR},
      </if>
      <if test="unReadCount != null">
        un_read_count = #{unReadCount,jdbcType=INTEGER},
      </if>
    </trim>
  </select>

  <update id="addUnReadCount">
    UPDATE session_list SET un_read_count = un_read_count + 1 WHERE user_id = #{userId} AND to_user_id = #{toUserId}
  </update>

  <update id="delUnReadCount">
    UPDATE session_list SET un_read_count = 0 WHERE user_id = #{fromUserId} AND to_user_id = #{toUserId}
  </update>
</mapper>